from,to,cost,CONZONE_ID,ST_ND_NM,END_ND_NM,,,,
155,453,5080,0010CZE040,양산JC,양산IC,,,,
453,652,14110,0010CZE050,양산IC,통도사Hi,,,,
652,160,1050,0010CZE055,통도사Hi,통도사IC,,,,
160,1027,1010,0010CZE060,통도사IC,서울주JC,,,,
204,635,17090,0010CZE080,언양JC,활천IC,,,,
635,8,11060,0010CZE085,활천IC,경주IC,,,,
8,9,10400,0010CZE090,경주IC,건천IC,,,,
9,1012,12180,0010CZE100,건천IC,영천JC,,,,
13,1051,4050,0010CZE160,금호JC,칠곡JC,,,,
1051,464,6690,0010CZE165,칠곡JC,칠곡물류IC,,,,
464,117,3180,0010CZE170,칠곡물류IC,왜관IC,,,,
117,120,13980,0010CZE180,왜관IC,남구미IC,,,,
120,122,5070,0010CZE190,남구미IC,구미IC,,,,
122,1045,6960,0010CZE200,구미IC,북구미하이패스IC,,,,
1045,80,3900,0010CZE205,북구미하이패스IC,김천JC,,,,
80,563,9120,0010CZE210,김천JC,동김천IC,,,,
563,123,7970,0010CZE215,동김천IC,김천IC,,,,
123,82,12030,0010CZE220,김천IC,추풍령IC,,,,
82,96,10080,0010CZE230,추풍령IC,황간IC,,,,
96,95,9890,0010CZE240,황간IC,영동IC,,,,
95,463,16040,0010CZE250,영동IC,금강IC,,,,
463,21,11400,0010CZE260,금강IC,옥천IC,,,,
21,108,8670,0010CZE270,옥천IC,비룡JC,,,,
108,100,4060,0010CZE280,비룡JC,대전IC,,,,
100,102,5450,0010CZE290,대전IC,회덕JC,,,,
102,104,5090,0010CZE300,회덕JC,신탄진IC,,,,
104,68,10070,0010CZE310,신탄진IC,남청주IC,,,,
68,362,3550,0010CZE320,남청주IC,청주JC,,,,
362,67,3890,0010CZE330,청주JC,남이JC,,,,
67,66,4620,0010CZE340,남이JC,청주IC,,,,
66,649,3490,0010CZE350,청주IC,옥산IC,,,,
649,673,7500,0010CZE355,옥산IC,옥산JC,,,,
673,49,13810,0010CZE357,옥산JC,목천IC,,,,
49,50,3530,0010CZE360,목천IC,천안JC,,,,
50,52,6700,0010CZE370,천안JC,천안IC,,,,
52,562,8360,0010CZE380,천안IC,북천안IC,,,,
562,247,11610,0010CZE385,북천안IC,안성IC,,,,
247,300,4830,0010CZE390,안성IC,안성JC,,,,
300,1063,7960,0010CZE400,안성JC,남사진위IC,,,,
1063,244,5310,0010CZE405,남사진위IC,오산IC,,,,
244,432,3890,0010CZE410,오산IC,동탄JC,,,,
432,462,4390,0010CZE420,동탄JC,기흥동탄IC,,,,
462,308,700,0010CZE430,기흥동탄IC,기흥IC,,,,
308,305,5090,0010CZE440,기흥IC,수원신갈IC,,,,
305,309,2680,0010CZE450,수원신갈IC,신갈JC,,,,
309,280,8340,0010CZE460,신갈JC,서울TG,,,,
280,274,3640,0010CZE470,서울TG,판교IC,,,,
274,273,1100,0010CZE480,판교IC,판교JC,,,,
273,460,390,0010CZE490,판교JC,대왕판교IC,,,,
460,681,870,0010CZE500,대왕판교IC,금토JC,,,,
681,238,6750,0010CZE505,금토JC,양재IC,,,,
238,237,2490,0010CZE510,양재IC,서초IC,,,,
237,233,1780,0010CZE520,서초IC,반포IC,,,,
233,487,1380,0010CZE521,반포IC,잠원IC,,,,
487,476,1300,0010CZE522,잠원IC,한남IC,,,,
453,155,5080,0010CZS040,양산IC,양산JC,,,,
652,453,14110,0010CZS050,통도사Hi,양산IC,,,,
160,652,1050,0010CZS055,통도사IC,통도사Hi,,,,
1027,160,1010,0010CZS060,서울주JC,통도사IC,,,,
635,204,17090,0010CZS080,활천IC,언양JC,,,,
8,635,11060,0010CZS085,경주IC,활천IC,,,,
9,8,10400,0010CZS090,건천IC,경주IC,,,,
1012,9,12180,0010CZS100,영천JC,건천IC,,,,
1051,13,4050,0010CZS160,칠곡JC,금호JC,,,,
464,1051,6690,0010CZS165,칠곡물류IC,칠곡JC,,,,
117,464,3180,0010CZS170,왜관IC,칠곡물류IC,,,,
120,117,13980,0010CZS180,남구미IC,왜관IC,,,,
122,120,5070,0010CZS190,구미IC,남구미IC,,,,
1045,122,6960,0010CZS200,북구미하이패스IC,구미IC,,,,
80,1045,3900,0010CZS205,김천JC,북구미하이패스IC,,,,
563,80,9120,0010CZS210,동김천IC,김천JC,,,,
123,563,7970,0010CZS215,김천IC,동김천IC,,,,
82,123,12030,0010CZS220,추풍령IC,김천IC,,,,
96,82,10080,0010CZS230,황간IC,추풍령IC,,,,
95,96,9890,0010CZS240,영동IC,황간IC,,,,
463,95,16040,0010CZS250,금강IC,영동IC,,,,
21,463,11400,0010CZS260,옥천IC,금강IC,,,,
108,21,8670,0010CZS270,비룡JC,옥천IC,,,,
100,108,4060,0010CZS280,대전IC,비룡JC,,,,
102,100,5450,0010CZS290,회덕JC,대전IC,,,,
104,102,5090,0010CZS300,신탄진IC,회덕JC,,,,
68,104,10070,0010CZS310,남청주IC,신탄진IC,,,,
362,68,3550,0010CZS320,청주JC,남청주IC,,,,
67,362,3890,0010CZS330,남이JC,청주JC,,,,
66,67,4620,0010CZS340,청주IC,남이JC,,,,
649,66,3490,0010CZS350,옥산IC,청주IC,,,,
673,649,7500,0010CZS355,옥산JC,옥산IC,,,,
49,673,13810,0010CZS357,목천IC,옥산JC,,,,
50,49,3530,0010CZS360,천안JC,목천IC,,,,
52,50,6700,0010CZS370,천안IC,천안JC,,,,
562,52,8360,0010CZS380,북천안IC,천안IC,,,,
247,562,11610,0010CZS385,안성IC,북천안IC,,,,
300,247,4830,0010CZS390,안성JC,안성IC,,,,
1063,300,7960,0010CZS400,남사진위IC,안성JC,,,,
244,1063,5310,0010CZS405,오산IC,남사진위IC,,,,
432,244,3890,0010CZS410,동탄JC,오산IC,,,,
462,432,4390,0010CZS420,기흥동탄IC,동탄JC,,,,
308,462,700,0010CZS430,기흥IC,기흥동탄IC,,,,
305,308,5090,0010CZS440,수원신갈IC,기흥IC,,,,
309,305,2680,0010CZS450,신갈JC,수원신갈IC,,,,
280,309,8340,0010CZS460,서울TG,신갈JC,,,,
274,280,3640,0010CZS470,판교IC,서울TG,,,,
273,274,1100,0010CZS480,판교JC,판교IC,,,,
460,273,390,0010CZS490,대왕판교IC,판교JC,,,,
681,460,870,0010CZS500,금토JC,대왕판교IC,,,,
238,681,6750,0010CZS505,양재IC,금토JC,,,,
237,238,2490,0010CZS510,서초IC,양재IC,,,,
233,237,1780,0010CZS520,반포IC,서초IC,,,,
487,233,1380,0010CZS521,잠원IC,반포IC,,,,
476,487,1300,0010CZS522,한남IC,잠원IC,,,,
222,221,3800,0100CZE010,서순천IC,순천IC,,,,
221,535,1800,0100CZE020,순천IC,순천JC,,,,
535,212,7000,0100CZE025,순천JC,광양IC,,,,
212,215,5100,0100CZE030,광양IC,동광양IC,,,,
215,214,6500,0100CZE040,동광양IC,옥곡IC,,,,
214,213,4400,0100CZE050,옥곡IC,진월IC,,,,
213,227,7000,0100CZE060,진월IC,하동IC,,,,
227,130,10100,0100CZE070,하동IC,진교IC,,,,
130,131,6400,0100CZE080,진교IC,곤양IC,,,,
131,126,8000,0100CZE090,곤양IC,축동IC,,,,
126,132,5900,0100CZE100,축동IC,사천IC,,,,
132,133,2500,0100CZE110,사천IC,진주JC,,,,
133,134,3200,0100CZE120,진주JC,진주IC,,,,
134,128,4000,0100CZE130,진주IC,문산IC,,,,
128,136,6900,0100CZE140,문산IC,진성IC,,,,
136,127,6000,0100CZE150,진성IC,지수IC,,,,
127,168,9200,0100CZE160,지수IC,군북IC,,,,
168,129,2800,0100CZE170,군북IC,장지IC,,,,
129,149,3600,0100CZE180,장지IC,함안IC,,,,
149,124,8700,0100CZE190,함안IC,산인JC,,,,
124,148,3100,0100CZE200,산인JC,칠원JC,,,,
148,650,4900,0100CZE205,칠원JC, 창원1터널(서측),,,,
650,651,2700,0100CZE210,창원1터널(서측), 창원1터널(동측),,,,
651,150,1200,0100CZE215,창원1터널(동측), 북창원IC,,,,
150,145,3600,0100CZE220,북창원IC,창원JC,,,,
145,146,5000,0100CZE230,창원JC,동창원IC,,,,
146,663,2300,0100CZE240,동창원IC,진영JC,,,,
663,143,4000,0100CZE245,진영JC,진례IC,,,,
143,624,3200,0100CZE250,진례IC,진례JC,,,,
624,139,3800,0100CZE255,진례JC,냉정JC,,,,
139,138,4800,0100CZE260,냉정JC,서김해IC,,,,
138,140,4500,0100CZE270,서김해IC,동김해IC,,,,
140,577,2700,0100CZE280,동김해IC,김해JC,,,,
577,497,1600,0100CZE282,김해JC,북부산TG,,,,
497,3,3200,0100CZE285,북부산TG,대저JC,,,,
3,6,2860,0100CZE290,대저JC,덕천IC,,,,
221,222,3800,0100CZS010,순천IC,서순천IC,,,,
535,221,1800,0100CZS020,순천JC,순천IC,,,,
212,535,7000,0100CZS025,광양IC,순천JC,,,,
215,212,5100,0100CZS030,동광양IC,광양IC,,,,
214,215,6500,0100CZS040,옥곡IC,동광양IC,,,,
213,214,4400,0100CZS050,진월IC,옥곡IC,,,,
227,213,7000,0100CZS060,하동IC,진월IC,,,,
130,227,10100,0100CZS070,진교IC,하동IC,,,,
131,130,6400,0100CZS080,곤양IC,진교IC,,,,
126,131,8000,0100CZS090,축동IC,곤양IC,,,,
132,126,5900,0100CZS100,사천IC,축동IC,,,,
133,132,2500,0100CZS110,진주JC,사천IC,,,,
134,133,3200,0100CZS120,진주IC,진주JC,,,,
128,134,4000,0100CZS130,문산IC,진주IC,,,,
136,128,6900,0100CZS140,진성IC,문산IC,,,,
127,136,6000,0100CZS150,지수IC,진성IC,,,,
168,127,9200,0100CZS160,군북IC,지수IC,,,,
129,168,2800,0100CZS170,장지IC,군북IC,,,,
149,129,3600,0100CZS180,함안IC,장지IC,,,,
124,149,8700,0100CZS190,산인JC,함안IC,,,,나
148,124,3100,0100CZS200,칠원JC,산인JC,,,,
650,148,4900,0100CZS205,창원1터널(서측), 칠원JC,,,,
651,650,2700,0100CZS210,창원1터널(동측), 창원1터널(서측),,,,
150,651,1200,0100CZS215,북창원IC , 창원1터널(동측),,,,
145,150,3600,0100CZS220,창원JC,북창원IC,,,,
146,145,5000,0100CZS230,동창원IC,창원JC,,,,
663,146,2300,0100CZS240,진영JC,동창원IC,,,,
143,663,4000,0100CZS245,진례IC,진영JC,,,,
624,143,3200,0100CZS250,진례JC,진례IC,,,,
139,624,3800,0100CZS255,냉정JC,진례JC,,,,
138,139,4800,0100CZS260,서김해IC,냉정JC,,,,
140,138,4500,0100CZS270,동김해IC,서김해IC,,,,
577,140,2700,0100CZS280,김해JC,동김해IC,,,,
497,577,1600,0100CZS282,북부산TG,김해JC,,,,
3,497,3200,0100CZS285,대저JC,북부산TG,,,,
6,3,2860,0100CZS290,덕천IC,대저JC,,,,
197,348,3000,0120CZE090,고서JC,담양JC,,,,
348,200,3740,0120CZE100,담양JC,담양IC,,,,
200,176,18200,0120CZE110,담양IC,순창IC,,,,
176,539,17560,0120CZE120,순창IC,남원JC,,,,
539,177,9040,0120CZE125,남원JC,남원IC,,,,
177,173,9500,0120CZE130,남원IC,동남원IC,,,,
173,179,11500,0120CZE140,동남원IC,지리산IC,,,,
179,1013,14080,0120CZE150,지리산IC,서함양IC,,,,
1013,161,3730,0120CZE155,서함양IC,함양IC,,,,
161,162,1880,0120CZE160,함양IC,함양JC,,,,
162,165,24170,0120CZE170,함양JC,거창IC,,,,
165,166,10600,0120CZE180,거창IC,가조IC,,,,
166,167,14800,0120CZE190,가조IC,해인사IC,,,,
167,113,6400,0120CZE200,해인사IC,고령IC,,,,
113,114,12620,0120CZE210,고령IC,동고령IC,,,,
114,357,1980,0120CZE220,동고령IC,고령JC,,,,
348,197,3000,0120CZS090,담양JC,고서JC,,,,
200,348,3740,0120CZS100,담양IC,담양JC,,,,
176,200,18200,0120CZS110,순창IC,담양IC,,,,
539,176,17560,0120CZS120,남원JC,순창IC,,,,
177,539,9040,0120CZS125,남원IC,남원JC,,,,
173,177,9500,0120CZS130,동남원IC,남원IC,,,,
179,173,11500,0120CZS140,지리산IC,동남원IC,,,,
1013,179,14080,0120CZS150,서함양IC,지리산IC,,,,
161,1013,3730,0120CZS155,함양IC,서함양IC,,,,
162,161,1880,0120CZS160,함양JC,함양IC,,,,
165,162,24170,0120CZS170,거창IC,함양JC,,,,
166,165,10600,0120CZS180,가조IC,거창IC,,,,
167,166,14800,0120CZS190,해인사IC,가조IC,,,,
113,167,6400,0120CZS200,고령IC,해인사IC,,,,
114,113,12620,0120CZS210,동고령IC,고령IC,,,,
357,114,1980,0120CZS220,고령JC,동고령IC,,,,
348,347,6060,0140CZE060,담양JC,대덕JC,,,,
347,348,6060,0140CZS060,대덕JC,담양JC,,,,
1025,1026,20540,0141CZE200,밀양JC,배내골IC,,,,
1026,1027,9080,0141CZE210,배내골IC,서울주JC,,,,
1027,1028,14630,0141CZE220,서울주JC,울주JC,,,,
1026,1025,20540,0141CZS200,배내골IC,밀양JC,,,,
1027,1026,9080,0141CZS210,서울주JC,배내골IC,,,,
1028,1027,14630,0141CZS220,울주JC,서울주JC,,,,
303,566,10700,0153CZE010,서평택JC,조암IC,,,,
566,1044,8500,0153CZE020,조암IC,마도JC,,,,
1044,567,3100,0153CZE025,마도JC,송산마도IC,,,,
567,1076,10600,0153CZE030,송산마도IC,남안산JC,,,,
1076,568,3300,0153CZE035,남안산JC,남안산IC,,,,
568,569,3800,0153CZE040,남안산IC,군자JC,,,,
566,303,10700,0153CZS010,조암IC,서평택JC,,,,
1044,566,8500,0153CZS020,마도JC,조암IC,,,,
567,1044,3100,0153CZS025,송산마도IC,마도JC,,,,
1076,567,10600,0153CZS030,남안산JC,송산마도IC,,,,
568,1076,3300,0153CZS035,남안산IC,남안산JC,,,,
569,568,3800,0153CZS040,군자JC,남안산IC,,,,
204,405,12000,0160CZE010,언양JC,울산JCT,,,,
405,204,12000,0160CZS010,울산JCT,언양JC,,,,
222,224,10010,0251CZE010,서순천IC,승주IC,,,,
224,223,11810,0251CZE020,승주IC,주암IC,,,,
223,226,7420,0251CZE030,주암IC,석곡IC,,,,
226,196,12070,0251CZE040,석곡IC,곡성IC,,,,
196,199,11430,0251CZE050,곡성IC,옥과IC,,,,
199,347,7660,0251CZE060,옥과IC,대덕JC,,,,
347,198,3800,0251CZE070,대덕JC,창평IC,,,,
198,197,4120,0251CZE080,창평IC,고서JC,,,,
197,228,2980,0251CZE090,고서JC,동광주TG,,,,
228,451,1700,0251CZE100,동광주TG,문흥JC,,,,
451,218,1210,0251CZE110,문흥JC,동광주IC,,,,
218,217,2820,0251CZE120,동광주IC,용봉IC,,,,
217,216,1330,0251CZE130,용봉IC,서광주IC,,,,
216,219,2250,0251CZE140,서광주IC,동림IC,,,,
219,452,2390,0251CZE150,동림IC,산월IC,,,,
452,220,1960,0251CZE160,산월IC,광산IC,,,,
220,608,2000,0251CZE170,광산IC,북광산IC,,,,
608,1066,3550,0251CZE175,북광산IC,남장성JC,,,,
1066,191,3150,0251CZE180,남장성JC,장성IC,,,,
191,375,5340,0251CZE190,장성IC,장성JC,,,,
375,202,12060,0251CZE200,장성JC,백양사IC,,,,
202,175,9190,0251CZE210,백양사IC,내장산IC,,,,
175,181,8460,0251CZE220,내장산IC,정읍IC,,,,
181,182,12840,0251CZE230,정읍IC,태인IC,,,,
182,185,10550,0251CZE240,태인IC,금산사IC,,,,
185,186,4700,0251CZE250,금산사IC,김제IC,,,,
186,190,6600,0251CZE260,김제IC,서전주IC,,,,
190,207,6040,0251CZE270,서전주IC,전주IC,,,,
207,382,6030,0251CZE280,전주IC,삼례IC,,,,
382,370,2330,0251CZE290,삼례IC,익산JC,,,,
370,189,6000,0251CZE300,익산JC,익산IC,,,,
189,170,10420,0251CZE310,익산IC,논산JC,,,,
224,222,10010,0251CZS010,승주IC,서순천IC,,,,
223,224,11810,0251CZS020,주암IC,승주IC,,,,
226,223,7420,0251CZS030,석곡IC,주암IC,,,,
196,226,12070,0251CZS040,곡성IC,석곡IC,,,,
199,196,11430,0251CZS050,옥과IC,곡성IC,,,,
347,199,7660,0251CZS060,대덕JC,옥과IC,,,,
198,347,3800,0251CZS070,창평IC,대덕JC,,,,
197,198,4120,0251CZS080,고서JC,창평IC,,,,
228,197,2980,0251CZS090,동광주TG,고서JC,,,,
451,228,1700,0251CZS100,문흥JC,동광주TG,,,,
218,451,1210,0251CZS110,동광주IC,문흥JC,,,,
217,218,2820,0251CZS120,용봉IC,동광주IC,,,,
216,217,1330,0251CZS130,서광주IC,용봉IC,,,,
219,216,2250,0251CZS140,동림IC,서광주IC,,,,
452,219,2390,0251CZS150,산월IC,동림IC,,,,
220,452,1960,0251CZS160,광산IC,산월IC,,,,
608,220,2000,0251CZS170,북광산IC,광산IC,,,,
1066,608,3550,0251CZS175,남장성JC,북광산IC,,,,
191,1066,3150,0251CZS180,장성IC,남장성JC,,,,
375,191,5340,0251CZS190,장성JC,장성IC,,,,
202,375,12060,0251CZS200,백양사IC,장성JC,,,,
175,202,9190,0251CZS210,내장산IC,백양사IC,,,,
181,175,8460,0251CZS220,정읍IC,내장산IC,,,,
182,181,12840,0251CZS230,태인IC,정읍IC,,,,
185,182,10550,0251CZS240,금산사IC,태인IC,,,,
186,185,4700,0251CZS250,김제IC,금산사IC,,,,
190,186,6600,0251CZS260,서전주IC,김제IC,,,,
207,190,6040,0251CZS270,전주IC,서전주IC,,,,
382,207,6030,0251CZS280,삼례IC,전주IC,,,,
370,382,2330,0251CZS290,익산JC,삼례IC,,,,
189,370,6000,0251CZS300,익산IC,익산JC,,,,
170,189,10420,0251CZS310,논산JC,익산IC,,,,
170,87,8400,0252CZE010,논산JC,연무IC,,,,
87,90,8700,0252CZE020,연무IC,서논산IC,,,,
90,91,8500,0252CZE030,서논산IC,탄천IC,,,,
91,93,14500,0252CZE040,탄천IC,남공주IC,,,,
93,422,7000,0252CZE050,남공주IC,공주JC,,,,
422,423,2100,0252CZE060,공주JC,북공주JC,,,,
423,46,14000,0252CZE070,북공주JC,정안IC,,,,
46,591,12300,0252CZE080,정안IC,남풍세IC,,,,
591,48,4100,0252CZE085,남풍세IC,남천안IC,,,,
48,50,2500,0252CZE090,남천안IC,천안JC,,,,
87,170,8400,0252CZS010,연무IC,논산JC,,,,
90,87,8700,0252CZS020,서논산IC,연무IC,,,,
91,90,8500,0252CZS030,탄천IC,서논산IC,,,,
93,91,14500,0252CZS040,남공주IC,탄천IC,,,,
422,93,7000,0252CZS050,공주JC,남공주IC,,,,
423,422,2100,0252CZS060,북공주JC,공주JC,,,,
46,423,14000,0252CZS070,정안IC,북공주JC,,,,
48,591,12300,0252CZS080,남천안IC,남풍세IC,,,,
591,46,4100,0252CZS085,남풍세IC,정안IC,,,,
50,48,2500,0252CZS090,천안JC,남천안IC,,,,
369,610,3350,0300CZE200,낙동JC,상주JC,,,,
610,369,3350,0300CZS200,상주JC,낙동JC,,,,
303,302,2800,0400CZE010,서평택JC,청북IC,,,,
302,433,5200,0400CZE020,청북IC,평택JC,,,,
433,679,5700,0400CZE030,평택JC,평택고덕IC,,,,
679,301,7170,0400CZE035,평택고덕IC,송탄IC,,,,
301,300,2830,0400CZE040,송탄IC,안성JC,,,,
302,303,2800,0400CZS010,청북IC,서평택JC,,,,
433,302,5200,0400CZS020,평택JC,청북IC,,,,
679,433,5700,0400CZS030,평택고덕IC,평택JC,,,,
301,679,7170,0400CZS035,송탄IC,평택고덕IC,,,,
300,301,2830,0400CZS040,안성JC,송탄IC,,,,
357,356,10620,0450CZE080,고령JC,남성주IC,,,,
356,378,11910,0450CZE090,남성주IC,성주IC,,,,
378,355,16710,0450CZE100,성주IC,남김천IC,,,,
355,80,12150,0450CZE110,남김천IC,김천JC,,,,
80,83,8920,0450CZE120,김천JC,선산IC,,,,
83,369,15810,0450CZE130,선산IC,낙동JC,,,,
369,79,7200,0450CZE140,낙동JC,상주IC,,,,
79,40,13040,0450CZE150,상주IC,북상주IC,,,,
40,39,7460,0450CZE160,북상주IC,점촌함창IC,,,,
39,38,13980,0450CZE170,점촌함창IC,문경새재IC,,,,
38,69,14630,0450CZE180,문경새재IC,연풍IC,,,,
69,70,14190,0450CZE190,연풍IC,괴산IC,,,,
70,72,14910,0450CZE200,괴산IC,충주IC,,,,
72,683,5010,0450CZE210,충주IC,중앙탑Hi,,,,
683,71,4160,0450CZE215,중앙탑Hi,북충주IC,,,,
71,573,5220,0450CZE220,북충주IC,충주JC,,,,
573,57,12090,0450CZE225,충주JC,감곡IC,,,,
57,262,14530,0450CZE230,감곡IC,여주JC,,,,
356,357,10620,0450CZS080,남성주IC,고령JC,,,,
378,356,11910,0450CZS090,성주IC,남성주IC,,,,
355,378,16710,0450CZS100,남김천IC,성주IC,,,,
80,355,12150,0450CZS110,김천JC,남김천IC,,,,
83,80,8920,0450CZS120,선산IC,김천JC,,,,
369,83,15810,0450CZS130,낙동JC,선산IC,,,,
79,369,7200,0450CZS140,상주IC,낙동JC,,,,
40,79,13040,0450CZS150,북상주IC,상주IC,,,,
39,40,7460,0450CZS160,점촌함창IC,북상주IC,,,,
38,39,13980,0450CZS170,문경새재IC,점촌함창IC,,,,
69,38,14630,0450CZS180,연풍IC,문경새재IC,,,,
70,69,14190,0450CZS190,괴산IC,연풍IC,,,,
72,70,14910,0450CZS200,충주IC,괴산IC,,,,
683,72,5010,0450CZS210,중앙탑Hi,충주IC,,,,
71,683,4160,0450CZS215,북충주IC,중앙탑Hi,,,,
573,71,5220,0450CZS220,충주JC,북충주IC,,,,
57,573,12090,0450CZS225,감곡IC,충주JC,,,,
262,57,14530,0450CZS230,여주JC,감곡IC,,,,
287,313,4440,0500CZE010,서창JC,월곶JC,,,,
313,569,2960,0500CZE020,월곶JC,군자JC,,,,
569,314,2080,0500CZE025,군자JC,군자TG,,,,
314,317,2500,0500CZE030,군자TG,서안산IC,,,,
317,318,3330,0500CZE040,서안산IC,안산IC,,,,
318,319,1230,0500CZE050,안산IC,안산JC,,,,
319,503,5600,0500CZE060,안산JC,둔대JC,,,,
503,322,1720,0500CZE065,둔대JC,군포IC,,,,
322,321,1390,0500CZE070,군포IC,동군포IC,,,,
321,258,2150,0500CZE080,동군포IC,부곡IC,,,,
258,269,2840,0500CZE090,부곡IC,북수원IC,,,,
269,268,6090,0500CZE100,북수원IC,동수원IC,,,,
268,309,4900,0500CZE110,동수원IC,신갈JC,,,,
309,304,6620,0500CZE120,신갈JC,마성IC,,,,
304,688,1590,0500CZE130,마성IC,서용인JC,,,,
688,306,2510,0500CZE135,서용인JC,용인IC,,,,
306,307,7960,0500CZE140,용인IC,양지IC,,,,
307,242,7100,0500CZE150,양지IC,덕평IC,,,,
242,243,5720,0500CZE160,덕평IC,호법JC,,,,
243,241,6340,0500CZE170,호법JC,이천IC,,,,
241,262,8660,0500CZE180,이천IC,여주JC,,,,
313,287,4440,0500CZS010,월곶JC,서창JC,,,,
569,313,2960,0500CZS020,군자JC,월곶JC,,,,
314,569,2080,0500CZS025,군자TG,군자JC,,,,
317,314,2500,0500CZS030,서안산IC,군자TG,,,,
318,317,3330,0500CZS040,안산IC,서안산IC,,,,
319,318,1230,0500CZS050,안산JC,안산IC,,,,
503,319,5600,0500CZS060,둔대JC,안산JC,,,,
322,503,1720,0500CZS065,군포IC,둔대JC,,,,
321,322,1390,0500CZS070,동군포IC,군포IC,,,,
258,321,2150,0500CZS080,부곡IC,동군포IC,,,,
269,258,2840,0500CZS090,북수원IC,부곡IC,,,,
268,269,6090,0500CZS100,동수원IC,북수원IC,,,,
309,268,4900,0500CZS110,신갈JC,동수원IC,,,,
304,309,6620,0500CZS120,마성IC,신갈JC,,,,
688,304,1590,0500CZS130,서용인JC,마성IC,,,,
306,688,2510,0500CZS135,용인IC,서용인JC,,,,
307,306,7960,0500CZS140,양지IC,용인IC,,,,
242,307,7100,0500CZS150,덕평IC,양지IC,,,,
243,242,5720,0500CZS160,호법JC,덕평IC,,,,
241,243,6340,0500CZS170,이천IC,호법JC,,,,
262,241,8660,0500CZS180,여주JC,이천IC,,,,
3,448,1360,0550CZE020,대저JC,초정IC,,,,
448,209,2350,0550CZE030,초정IC,대동IC,,,,
209,667,3270,0550CZE040,대동IC,대감JC,,,,
667,147,1230,0550CZE050,대감JC,대동JC,,,,
448,3,1360,0550CZS020,초정IC,대저JC,,,,
209,448,2350,0550CZS030,대동IC,초정IC,,,,
667,209,3270,0550CZS040,대감JC,대동IC,,,,
147,667,1230,0550CZS050,대동JC,대감JC,,,,
147,346,9350,0552CZE050,대동JC,상동IC,,,,
346,345,15800,0552CZE060,상동IC,삼랑진IC,,,,
345,331,7800,0552CZE070,삼랑진IC,남밀양IC,,,,
331,332,5800,0552CZE080,남밀양IC,밀양IC,,,,
332,1025,1890,0552CZE085,밀양IC,밀양JC,,,,
1025,333,16210,0552CZE090,밀양JC,청도IC,,,,
333,344,22500,0552CZE100,청도IC,수성IC,,,,
344,343,3300,0552CZE110,수성IC,동대구IC,,,,
346,147,9350,0552CZS050,상동IC,대동JC,,,,
345,346,15800,0552CZS060,삼랑진IC,상동IC,,,,
331,345,7800,0552CZS070,남밀양IC,삼랑진IC,,,,
332,331,5800,0552CZS080,밀양IC,남밀양IC,,,,
1025,332,1890,0552CZS085,밀양JC,밀양IC,,,,
333,1025,16210,0552CZS090,청도IC,밀양JC,,,,
344,333,22500,0552CZS100,수성IC,청도IC,,,,
343,344,3300,0552CZS110,동대구IC,수성IC,,,,
592,386,1500,0651CZE015,동부산IC,해운대IC,,,,
386,445,7870,0651CZE020,해운대IC,기장IC,,,,
445,388,5380,0651CZE030,기장IC,장안IC,,,,
388,389,10300,0651CZE040,장안IC,온양IC,,,,
389,390,7870,0651CZE050,온양IC,청량IC,,,,
390,1028,3550,0651CZE060,청량IC,울주JC,,,,
1028,442,1730,0651CZE065,울주JC,문수IC,,,,
442,405,4280,0651CZE070,문수IC,울산JCT,,,,
386,592,1500,0651CZS015,해운대IC,동부산IC,,,,
445,386,7870,0651CZS020,기장IC,해운대IC,,,,
388,445,5380,0651CZS030,장안IC,기장IC,,,,
389,388,10300,0651CZS040,온양IC,장안IC,,,,
390,389,7870,0651CZS050,청량IC,온양IC,,,,
1028,390,3550,0651CZS060,울주JC,청량IC,,,,
442,1028,1730,0651CZS065,문수IC,울주JC,,,,
405,442,4280,0651CZS070,울산JCT,문수IC,,,,
288,287,2330,1100CZE040,남동IC,서창JC,,,,
287,288,2330,1100CZS040,서창JC,남동IC,,,,
294,289,3780,1200CZE040,서인천IC,부평IC,,,,
289,326,2330,1200CZE050,부평IC,인천TG,,,,
326,297,790,1200CZE060,인천TG,서운JC,,,,
297,298,1730,1200CZE070,서운JC,부천IC,,,,
298,234,4880,1200CZE080,부천IC,신월IC,,,,
289,294,3780,1200CZS040,부평IC,서인천IC,,,,
326,289,2330,1200CZS050,인천TG,부평IC,,,,
297,326,790,1200CZS060,서운JC,인천TG,,,,
298,297,1730,1200CZS070,부천IC,서운JC,,,,
234,298,4880,1200CZS080,신월IC,부천IC,,,,
170,172,5520,2510CZE010,논산JC,논산IC,,,,
172,661,9480,2510CZE020,논산IC,양촌Hi,,,,
661,349,12950,2510CZE025,양촌Hi,계룡IC,,,,
349,99,6430,2510CZE030,계룡IC,서대전JC,,,,
99,101,8430,2510CZE040,서대전JC,유성IC,,,,
103,102,3590,2510CZE070,북대전IC,회덕JC,,,,
172,170,5520,2510CZS010,논산IC,논산JC,,,,
661,172,9480,2510CZS020,양촌Hi,논산IC,,,,
349,661,12950,2510CZS025,계룡IC,양촌Hi,,,,
99,349,6430,2510CZS030,서대전JC,계룡IC,,,,
101,99,8430,2510CZS040,유성IC,서대전JC,,,,
102,103,3590,2510CZS070,회덕JC,북대전IC,,,,
369,610,3830,3010CZE010,낙동JC,상주JC,,,,
610,1003,8280,3010CZE020,상주JC,도개IC,,,,
1003,1004,16160,3010CZE030,도개IC,서군위IC,,,,
1004,1005,13220,3010CZE040,서군위IC,군위JCT,,,,
1005,1006,10830,3010CZE050,군위JCT,동군위IC,,,,
1006,1007,15440,3010CZE060,동군위IC,신녕IC,,,,
1007,1008,7410,3010CZE070,신녕IC,화산JCT,,,,
1008,1009,7970,3010CZE080,화산JCT,동영천IC,,,,
1009,1011,10370,3010CZE090,동영천IC,북안IC,,,,
1011,1012,490,3010CZE100,북안IC,영천JC,,,,
610,369,3830,3010CZS010,상주JC,낙동JC,,,,
1003,610,8280,3010CZS020,도개IC,상주JC,,,,
1004,1003,16160,3010CZS030,서군위IC,도개IC,,,,
1005,1004,13220,3010CZS040,군위JCT,서군위IC,,,,
1006,1005,10830,3010CZS050,동군위IC,군위JCT,,,,
1007,1006,15440,3010CZS060,신녕IC,동군위IC,,,,
1008,1007,7410,3010CZS070,화산JCT,신녕IC,,,,
1009,1008,7970,3010CZS080,동영천IC,화산JCT,,,,
1011,1009,10370,3010CZS090,북안IC,동영천IC,,,,
1012,1011,490,3010CZS100,영천JC,북안IC,,,,
500,13,1140,4510CZE080,서대구TG,금호JC,,,,
13,500,1140,4510CZS080,금호JC,서대구TG,,,,
577,147,9190,5510CZE005,김해JC,대동JC,,,,
147,152,4160,5510CZE010,대동JC,물금IC,,,,
152,154,2300,5510CZE020,물금IC,남양산IC,,,,
154,155,1770,5510CZE030,남양산IC,양산JC,,,,
147,577,9190,5510CZS005,대동JC,김해JC,,,,
152,147,4160,5510CZS010,물금IC,대동JC,,,,
154,152,2300,5510CZS020,남양산IC,물금IC,,,,
155,154,1770,5510CZS030,양산JC,남양산IC,,,,
663,664,5190,6000CZE010,진영JC,진영IC,,,,
664,665,3850,6000CZE020,진영IC,한림IC,,,,
665,666,8200,6000CZE030,한림IC,광재IC,,,,
666,667,8950,6000CZE040,광재IC,대감JC,,,,
664,663,5190,6000CZS010,진영IC,진영JC,,,,
665,664,3850,6000CZS020,한림IC,진영IC,,,,
666,665,8200,6000CZS030,광재IC,한림IC,,,,
667,666,8950,6000CZS040,대감JC,광재IC,,,,
9990,476,7200,9990CZS010,서울특별시청,한남IC,,,,
9991,294,10500,9991CZS010,인천광역시청,서인천IC,,,,
9993,216,6100,9993CZS010,광주광역시청,서광주IC,,,,
9994,500,7500,9994CZS010,대구광역시청,서대구TG,,,,
9996,442,9500,9996CZS010,울산광역시청,문수IC,,,,
9990,234,16000,9990CZS040,서울특별시청,신월IC,,,,
9991,288,3800,9991CZS020,인천광역시청,남동IC,,,,
9991,287,6400,9991CZS030,인천광역시청,서창JC,,,,
9992,101,6800,9992CZS020,대전광역시청,유성IC,,,,
9992,103,8900,9992CZS030,대전광역시청,북대전IC,,,,
9995,6,10000,9995CZS020,부산광역시청,덕천IC,,,,
9995,592,15800,9995CZS040,부산광역시청,동부산IC,,,,
9996,405,7300,9996CZS020,울산광역시청,울산JCT,,,,
9994,343,8410,9994CZS020,대구광역시청,동대구IC,,,,
476,9990,7200,9990CZE010,한남IC,서울특별시청,,,,
294,9991,10500,9991CZE010,서인천IC,인천광역시청,,,,
216,9993,6100,9993CZE010,서광주IC,광주광역시청,,,,
500,9994,7500,9994CZE010,서대구TG,대구광역시청,,,,
442,9996,9500,9996CZE010,문수IC,울산광역시청,,,,
234,9990,16000,9990CZE040,신월IC,서울특별시청,,,,
288,9991,3800,9991CZE020,남동IC,인천광역시청,,,,
287,9991,6400,9991CZE030,서창JC,인천광역시청,,,,
101,9992,6800,9992CZE020,유성IC,대전광역시청,,,,
103,9992,8900,9992CZE030,북대전IC,대전광역시청,,,,
6,9995,10000,9995CZE020,덕천IC,부산광역시청,,,,
592,9995,15800,9995CZE040,동부산IC,부산광역시청,,,,
405,9996,7300,9996CZE020,울산JCT,울산광역시청,,,,
343,9994,8410,9994CZE020,동대구IC,대구광역시청,,,,
